{"loss": [1.3644134998321533, 0.4469895362854004, 0.27064329385757446, 0.18473374843597412, 0.1385682374238968, 0.10431981831789017, 0.08884164690971375, 0.07061812281608582, 0.0648929700255394, 0.053974490612745285], "accuracy": [0.5997439622879028, 0.8594352602958679, 0.9127391576766968, 0.939554750919342, 0.9545771479606628, 0.9659435153007507, 0.970694899559021, 0.9769400358200073, 0.9786756038665771, 0.9830002188682556], "val_loss": [0.5927180051803589, 0.2820236384868622, 0.28858503699302673, 0.19379860162734985, 0.12327300757169724, 0.15090437233448029, 0.13211898505687714, 0.12943695485591888, 0.113693967461586, 0.09138324111700058], "val_accuracy": [0.8115752339363098, 0.9083200693130493, 0.9081493020057678, 0.9372296929359436, 0.9590257406234741, 0.9524242877960205, 0.9579444527626038, 0.9611882567405701, 0.963464617729187, 0.9721147418022156]}